split,molecule,n_qubits,casci_energy_ha,sampler_backend,qsci_backend,column,kind,error_vs_casci_mha,n_dets,n_operators,filled_full_ci,operators,note
s4,sno_14q,14,-288.109121037883,numpy,matgenq_subspace,hf,reference,6.120172029909554,1,0,False,,HF / AS correlation
s4,sno_14q,14,-288.109121037883,numpy,matgenq_subspace,matgenq_smoke_best,matgenq_demo_a,2.8819188924558152,17,10,False,XXIIIXIIYIIIII;XXXYIIIIIIIIII;XXIIIXYIIIIIII;XXXIIIIIIIIIIY;XXIXYIIIIIIIII;XXIIIIIIIXIIYI;XXIIIIXYIIIIII;XXIIIXIIIIYIII,Demo A reported +2.869 mHa
s4,sno_14q,14,-288.109121037883,numpy,matgenq_subspace,frozen_hcgqe_12char_padded,failure,6.120172029909554,1,20,False,IXYZZZZZZXZY;IIXXZZZXZZZX;IXZZXZZZZYYI;XZZXZZYYIIII;IIIIXYZZYZXI;IYYZZZZYZZZY;YZZYZZZZYZZY;IIXZYZZZZXYI,12-char vocab cannot emit 14-char pool
s4,sno_14q,14,-288.109121037883,numpy,matgenq_subspace,pool14q_random_2,pool_single_best,3.933521771443793,11,6,False,IXIIIIIIIYIIII;XXIXYIIIIIIIII;XXIIXYIIIIIIII;XXIIIXIIIIIIYI;XIIIYIIIIIIIII;XXIIIIIIIIIIXY,best native 14-char single circuit
s4,sno_14q,14,-288.109121037883,numpy,matgenq_subspace,pool14q_union_greedy,pool_union,0.952637631087327,21,-1,False,pool14q_random_2;pool14q_single_157;pool14q_single_162;pool14q_random_0;pool14q_single_73,"greedy union, N_dets=21 < 49; this is the S4 pass, not 49/49"
s4,sno_14q,14,-288.109121037883,numpy,matgenq_subspace,pool14q_single_1,single_excitation,6.120172029909554,3,1,False,XIYIIIIIIIIIII,
s4,sno_14q,14,-288.109121037883,numpy,matgenq_subspace,pool14q_single_6,single_excitation,6.120172029909554,3,1,False,XIYIIIIIIIIIII,
s4,sno_14q,14,-288.109121037883,numpy,matgenq_subspace,pool14q_single_7,single_excitation,6.120172029909554,3,1,False,IXIYIIIIIIIIII,
s4,sno_14q,14,-288.109121037883,numpy,matgenq_subspace,pool14q_single_12,single_excitation,6.120172029909554,3,1,False,IXIYIIIIIIIIII,
s4,sno_14q,14,-288.109121037883,numpy,matgenq_subspace,pool14q_single_13,single_excitation,6.120172029909554,3,1,False,XIIIYIIIIIIIII,
s4,sno_14q,14,-288.109121037883,numpy,matgenq_subspace,pool14q_single_18,single_excitation,6.120172029909554,3,1,False,XIIIYIIIIIIIII,
s4,sno_14q,14,-288.109121037883,numpy,matgenq_subspace,pool14q_single_19,single_excitation,6.120172029909554,3,1,False,IXIIIYIIIIIIII,
s4,sno_14q,14,-288.109121037883,numpy,matgenq_subspace,pool14q_single_24,single_excitation,6.120172029909554,3,1,False,IXIIIYIIIIIIII,
s4,sno_14q,14,-288.109121037883,numpy,matgenq_subspace,pool14q_single_25,single_excitation,6.120172029113746,3,1,False,XIIIIIYIIIIIII,
s4,sno_14q,14,-288.109121037883,numpy,matgenq_subspace,pool14q_single_30,single_excitation,6.120172029113746,3,1,False,XIIIIIYIIIIIII,
s4,sno_14q,14,-288.109121037883,numpy,matgenq_subspace,pool14q_single_31,single_excitation,6.120172029113746,3,1,False,IXIIIIIYIIIIII,
s4,sno_14q,14,-288.109121037883,numpy,matgenq_subspace,pool14q_single_36,single_excitation,6.120172029113746,3,1,False,IXIIIIIYIIIIII,
s4,sno_14q,14,-288.109121037883,numpy,matgenq_subspace,pool14q_single_37,single_excitation,6.120172029909554,3,1,False,XIIIIIIIYIIIII,
s4,sno_14q,14,-288.109121037883,numpy,matgenq_subspace,pool14q_single_42,single_excitation,6.120172029909554,3,1,False,XIIIIIIIYIIIII,
s4,sno_14q,14,-288.109121037883,numpy,matgenq_subspace,pool14q_single_43,single_excitation,6.120172029909554,3,1,False,IXIIIIIIIYIIII,
s4,sno_14q,14,-288.109121037883,numpy,matgenq_subspace,pool14q_single_48,single_excitation,6.120172029909554,3,1,False,IXIIIIIIIYIIII,
s4,sno_14q,14,-288.109121037883,numpy,matgenq_subspace,pool14q_single_49,single_excitation,6.120172029909554,3,1,False,XIIIIIIIIIYIII,
s4,sno_14q,14,-288.109121037883,numpy,matgenq_subspace,pool14q_single_54,single_excitation,6.120172029909554,3,1,False,XIIIIIIIIIYIII,
s4,sno_14q,14,-288.109121037883,numpy,matgenq_subspace,pool14q_single_55,single_excitation,6.120172029909554,3,1,False,IXIIIIIIIIIYII,
s4,sno_14q,14,-288.109121037883,numpy,matgenq_subspace,pool14q_single_60,single_excitation,6.120172029909554,3,1,False,IXIIIIIIIIIYII,
s4,sno_14q,14,-288.109121037883,numpy,matgenq_subspace,pool14q_single_61,single_excitation,6.120172029909554,3,1,False,XIIIIIIIIIIIYI,
s4,sno_14q,14,-288.109121037883,numpy,matgenq_subspace,pool14q_single_66,single_excitation,6.120172029909554,3,1,False,XIIIIIIIIIIIYI,
s4,sno_14q,14,-288.109121037883,numpy,matgenq_subspace,pool14q_single_67,single_excitation,6.120172029909554,3,1,False,IXIIIIIIIIIIIY,
s4,sno_14q,14,-288.109121037883,numpy,matgenq_subspace,pool14q_single_72,single_excitation,6.120172029909554,3,1,False,IXIIIIIIIIIIIY,
s4,sno_14q,14,-288.109121037883,numpy,matgenq_subspace,pool14q_single_73,single_excitation,4.5373921259965755,2,1,False,XXXYIIIIIIIIII,
s4,sno_14q,14,-288.109121037883,numpy,matgenq_subspace,pool14q_single_78,single_excitation,4.5373921259965755,2,1,False,XXXYIIIIIIIIII,
s4,sno_14q,14,-288.109121037883,numpy,matgenq_subspace,pool14q_single_79,single_excitation,6.120172029909554,3,1,False,XXXIIYIIIIIIII,
s4,sno_14q,14,-288.109121037883,numpy,matgenq_subspace,pool14q_single_84,single_excitation,6.120172029909554,3,1,False,XXXIIYIIIIIIII,
s4,sno_14q,14,-288.109121037883,numpy,matgenq_subspace,pool14q_single_85,single_excitation,6.120172029909554,3,1,False,XXXIIIIYIIIIII,
s4,sno_14q,14,-288.109121037883,numpy,matgenq_subspace,pool14q_single_90,single_excitation,6.120172029909554,3,1,False,XXXIIIIYIIIIII,
s4,sno_14q,14,-288.109121037883,numpy,matgenq_subspace,pool14q_single_91,single_excitation,6.120172029909554,3,1,False,XXXIIIIIIYIIII,
s4,sno_14q,14,-288.109121037883,numpy,matgenq_subspace,pool14q_single_96,single_excitation,6.120172029909554,3,1,False,XXXIIIIIIYIIII,
s4,sno_14q,14,-288.109121037883,numpy,matgenq_subspace,pool14q_single_97,single_excitation,5.821170382034779,3,1,False,XXXIIIIIIIIYII,
s4,sno_14q,14,-288.109121037883,numpy,matgenq_subspace,pool14q_single_102,single_excitation,5.821170382034779,3,1,False,XXXIIIIIIIIYII,
s4,sno_14q,14,-288.109121037883,numpy,matgenq_subspace,pool14q_single_103,single_excitation,6.113312580509955,3,1,False,XXXIIIIIIIIIIY,
s4,sno_14q,14,-288.109121037883,numpy,matgenq_subspace,pool14q_single_108,single_excitation,6.113312580509955,3,1,False,XXXIIIIIIIIIIY,
s4,sno_14q,14,-288.109121037883,numpy,matgenq_subspace,pool14q_single_109,single_excitation,6.120172029909554,3,1,False,XXIXYIIIIIIIII,
s4,sno_14q,14,-288.109121037883,numpy,matgenq_subspace,pool14q_single_114,single_excitation,6.120172029909554,3,1,False,XXIXYIIIIIIIII,
s4,sno_14q,14,-288.109121037883,numpy,matgenq_subspace,pool14q_single_115,single_excitation,4.5373921259965755,2,1,False,XXIIXYIIIIIIII,
s4,sno_14q,14,-288.109121037883,numpy,matgenq_subspace,pool14q_single_120,single_excitation,4.5373921259965755,2,1,False,XXIIXYIIIIIIII,
s4,sno_14q,14,-288.109121037883,numpy,matgenq_subspace,pool14q_single_121,single_excitation,6.120172029909554,3,1,False,XXIIXIIYIIIIII,
s4,sno_14q,14,-288.109121037883,numpy,matgenq_subspace,pool14q_single_126,single_excitation,6.120172029909554,3,1,False,XXIIXIIYIIIIII,
s4,sno_14q,14,-288.109121037883,numpy,matgenq_subspace,pool14q_single_127,single_excitation,6.120172029909554,3,1,False,XXIIXIIIIYIIII,
s4,sno_14q,14,-288.109121037883,numpy,matgenq_subspace,pool14q_single_132,single_excitation,6.120172029909554,3,1,False,XXIIXIIIIYIIII,
s4,sno_14q,14,-288.109121037883,numpy,matgenq_subspace,pool14q_single_133,single_excitation,6.113312580509955,3,1,False,XXIIXIIIIIIYII,
s4,sno_14q,14,-288.109121037883,numpy,matgenq_subspace,pool14q_single_138,single_excitation,6.113312580509955,3,1,False,XXIIXIIIIIIYII,
s4,sno_14q,14,-288.109121037883,numpy,matgenq_subspace,pool14q_single_139,single_excitation,5.821170382034779,3,1,False,XXIIXIIIIIIIIY,
s4,sno_14q,14,-288.109121037883,numpy,matgenq_subspace,pool14q_single_144,single_excitation,5.821170382034779,3,1,False,XXIIXIIIIIIIIY,
s4,sno_14q,14,-288.109121037883,numpy,matgenq_subspace,pool14q_single_145,single_excitation,6.120172029909554,3,1,False,XXIXIIYIIIIIII,
s4,sno_14q,14,-288.109121037883,numpy,matgenq_subspace,pool14q_single_150,single_excitation,6.120172029909554,3,1,False,XXIXIIYIIIIIII,
s4,sno_14q,14,-288.109121037883,numpy,matgenq_subspace,pool14q_single_151,single_excitation,6.120172029909554,3,1,False,XXIIIXYIIIIIII,
s4,sno_14q,14,-288.109121037883,numpy,matgenq_subspace,pool14q_single_156,single_excitation,6.120172029909554,3,1,False,XXIIIXYIIIIIII,
s4,sno_14q,14,-288.109121037883,numpy,matgenq_subspace,pool14q_single_157,single_excitation,4.382000852046985,2,1,False,XXIIIIXYIIIIII,
s4,sno_14q,14,-288.109121037883,numpy,matgenq_subspace,pool14q_single_162,single_excitation,4.382000852046985,2,1,False,XXIIIIXYIIIIII,
s4,sno_14q,14,-288.109121037883,numpy,matgenq_subspace,pool14q_single_163,single_excitation,6.053494035654694,3,1,False,XXIIIIXIIYIIII,
s4,sno_14q,14,-288.109121037883,numpy,matgenq_subspace,pool14q_single_168,single_excitation,6.053494035654694,3,1,False,XXIIIIXIIYIIII,
s4,sno_14q,14,-288.109121037883,numpy,matgenq_subspace,pool14q_single_169,single_excitation,6.120172029909554,3,1,False,XXIIIIXIIIIYII,
s4,sno_14q,14,-288.109121037883,numpy,matgenq_subspace,pool14q_single_174,single_excitation,6.120172029909554,3,1,False,XXIIIIXIIIIYII,
s4,sno_14q,14,-288.109121037883,numpy,matgenq_subspace,pool14q_single_175,single_excitation,6.120172029909554,3,1,False,XXIIIIXIIIIIIY,
s4,sno_14q,14,-288.109121037883,numpy,matgenq_subspace,pool14q_single_180,single_excitation,6.120172029909554,3,1,False,XXIIIIXIIIIIIY,
s4,sno_14q,14,-288.109121037883,numpy,matgenq_subspace,pool14q_single_181,single_excitation,6.120172029909554,3,1,False,XXIXIIIIYIIIII,
s4,sno_14q,14,-288.109121037883,numpy,matgenq_subspace,pool14q_single_186,single_excitation,6.120172029909554,3,1,False,XXIXIIIIYIIIII,
s4,sno_14q,14,-288.109121037883,numpy,matgenq_subspace,pool14q_single_187,single_excitation,6.120172029909554,3,1,False,XXIIIXIIYIIIII,
s4,sno_14q,14,-288.109121037883,numpy,matgenq_subspace,pool14q_single_192,single_excitation,6.120172029909554,3,1,False,XXIIIXIIYIIIII,
s4,sno_14q,14,-288.109121037883,numpy,matgenq_subspace,pool14q_single_193,single_excitation,6.053494035654694,3,1,False,XXIIIIIXYIIIII,
s4,sno_14q,14,-288.109121037883,numpy,matgenq_subspace,pool14q_single_198,single_excitation,6.053494035654694,3,1,False,XXIIIIIXYIIIII,
s4,sno_14q,14,-288.109121037883,numpy,matgenq_subspace,pool14q_single_199,single_excitation,5.67168593858014,2,1,False,XXIIIIIIXYIIII,
s4,sno_14q,14,-288.109121037883,numpy,matgenq_subspace,pool14q_single_204,single_excitation,5.67168593858014,2,1,False,XXIIIIIIXYIIII,
s4,sno_14q,14,-288.109121037883,numpy,matgenq_subspace,pool14q_single_205,single_excitation,6.120172029909554,3,1,False,XXIIIIIIXIIYII,
s4,sno_14q,14,-288.109121037883,numpy,matgenq_subspace,pool14q_single_210,single_excitation,6.120172029909554,3,1,False,XXIIIIIIXIIYII,
s4,sno_14q,14,-288.109121037883,numpy,matgenq_subspace,pool14q_single_211,single_excitation,6.120172029909554,3,1,False,XXIIIIIIXIIIIY,
s4,sno_14q,14,-288.109121037883,numpy,matgenq_subspace,pool14q_single_216,single_excitation,6.120172029909554,3,1,False,XXIIIIIIXIIIIY,
s4,sno_14q,14,-288.109121037883,numpy,matgenq_subspace,pool14q_single_217,single_excitation,5.821170382034779,3,1,False,XXIXIIIIIIYIII,
s4,sno_14q,14,-288.109121037883,numpy,matgenq_subspace,pool14q_single_222,single_excitation,5.821170382034779,3,1,False,XXIXIIIIIIYIII,
s4,sno_14q,14,-288.109121037883,numpy,matgenq_subspace,pool14q_single_223,single_excitation,6.113312580509955,3,1,False,XXIIIXIIIIYIII,
s4,sno_14q,14,-288.109121037883,numpy,matgenq_subspace,pool14q_single_228,single_excitation,6.113312580509955,3,1,False,XXIIIXIIIIYIII,
s4,sno_14q,14,-288.109121037883,numpy,matgenq_subspace,pool14q_single_229,single_excitation,6.120172029909554,3,1,False,XXIIIIIXIIYIII,
s4,sno_14q,14,-288.109121037883,numpy,matgenq_subspace,pool14q_single_234,single_excitation,6.120172029909554,3,1,False,XXIIIIIXIIYIII,
s4,sno_14q,14,-288.109121037883,numpy,matgenq_subspace,pool14q_single_235,single_excitation,6.120172029909554,3,1,False,XXIIIIIIIXYIII,
s4,sno_14q,14,-288.109121037883,numpy,matgenq_subspace,pool14q_single_240,single_excitation,6.120172029909554,3,1,False,XXIIIIIIIXYIII,
s4,sno_14q,14,-288.109121037883,numpy,matgenq_subspace,pool14q_single_241,single_excitation,6.021814783196078,2,1,False,XXIIIIIIIIXYII,
s4,sno_14q,14,-288.109121037883,numpy,matgenq_subspace,pool14q_single_246,single_excitation,6.021814783196078,2,1,False,XXIIIIIIIIXYII,
s4,sno_14q,14,-288.109121037883,numpy,matgenq_subspace,pool14q_single_247,single_excitation,6.120172029909554,3,1,False,XXIIIIIIIIXIIY,
s4,sno_14q,14,-288.109121037883,numpy,matgenq_subspace,pool14q_single_252,single_excitation,6.120172029909554,3,1,False,XXIIIIIIIIXIIY,
s4,sno_14q,14,-288.109121037883,numpy,matgenq_subspace,pool14q_single_253,single_excitation,6.113312580509955,3,1,False,XXIXIIIIIIIIYI,
s4,sno_14q,14,-288.109121037883,numpy,matgenq_subspace,pool14q_single_258,single_excitation,6.113312580509955,3,1,False,XXIXIIIIIIIIYI,
s4,sno_14q,14,-288.109121037883,numpy,matgenq_subspace,pool14q_single_259,single_excitation,5.821170382034779,3,1,False,XXIIIXIIIIIIYI,
s4,sno_14q,14,-288.109121037883,numpy,matgenq_subspace,pool14q_single_264,single_excitation,5.821170382034779,3,1,False,XXIIIXIIIIIIYI,
s4,sno_14q,14,-288.109121037883,numpy,matgenq_subspace,pool14q_single_265,single_excitation,6.120172029909554,3,1,False,XXIIIIIXIIIIYI,
s4,sno_14q,14,-288.109121037883,numpy,matgenq_subspace,pool14q_single_270,single_excitation,6.120172029909554,3,1,False,XXIIIIIXIIIIYI,
s4,sno_14q,14,-288.109121037883,numpy,matgenq_subspace,pool14q_single_271,single_excitation,6.120172029909554,3,1,False,XXIIIIIIIXIIYI,
s4,sno_14q,14,-288.109121037883,numpy,matgenq_subspace,pool14q_single_276,single_excitation,6.120172029909554,3,1,False,XXIIIIIIIXIIYI,
s4,sno_14q,14,-288.109121037883,numpy,matgenq_subspace,pool14q_single_277,single_excitation,6.120172029909554,3,1,False,XXIIIIIIIIIXYI,
s4,sno_14q,14,-288.109121037883,numpy,matgenq_subspace,pool14q_single_282,single_excitation,6.120172029909554,3,1,False,XXIIIIIIIIIXYI,
s4,sno_14q,14,-288.109121037883,numpy,matgenq_subspace,pool14q_single_283,single_excitation,6.021814783196078,2,1,False,XXIIIIIIIIIIXY,
s4,sno_14q,14,-288.109121037883,numpy,matgenq_subspace,pool14q_single_288,single_excitation,6.021814783196078,2,1,False,XXIIIIIIIIIIXY,
s4,sno_14q,14,-288.109121037883,numpy,matgenq_subspace,pool14q_random_0,random,4.536961187227462,12,6,False,IXIIIIIIIIIYII;XIIIYIIIIIIIII;XXIIXIIIIIIIIY;XXIIXIIYIIIIII;XXIIXYIIIIIIII;IXIIIIIIIIIIIY,
s4,sno_14q,14,-288.109121037883,numpy,matgenq_subspace,pool14q_random_1,random,5.8205053917390615,11,6,False,XIIIIIIIIIYIII;XXIIIIIIIIIXYI;IXIIIIIIIYIIII;XXIXIIIIIIYIII;XIIIYIIIIIIIII;XIIIYIIIIIIIII,
s4,sno_14q,14,-288.109121037883,numpy,matgenq_subspace,pool14q_random_2,random,3.933521771443793,11,6,False,IXIIIIIIIYIIII;XXIXYIIIIIIIII;XXIIXYIIIIIIII;XXIIIXIIIIIIYI;XIIIYIIIIIIIII;XXIIIIIIIIIIXY,
s4,sno_14q,14,-288.109121037883,numpy,matgenq_subspace,pool14q_random_3,random,5.534337420897373,13,6,False,XXXIIIIIIIIYII;XXIIIIIIIIIXYI;XXIIIIIIXIIIIY;XXIXYIIIIIIIII;XXIIIIIXIIYIII;XXIIXIIIIIIIIY,
s4,sno_14q,14,-288.109121037883,numpy,matgenq_subspace,pool14q_random_4,random,5.534337420897373,11,6,False,XIYIIIIIIIIIII;XXXIIYIIIIIIII;XXIXIIIIIIYIII;XXIIIIXIIIIIIY;XXIIXIIIIIIIIY;XXXIIYIIIIIIII,
s4,sno_14q,14,-288.109121037883,numpy,matgenq_subspace,pool14q_random_5,random,6.053118745114716,9,6,False,XXIXYIIIIIIIII;XXIIIIXIIIIYII;XIIIIIIIIIYIII;IXIIIIIIIYIIII;XXIIIIIXYIIIII;XIIIIIIIIIYIII,
s4,sno_14q,14,-288.109121037883,numpy,matgenq_subspace,pool14q_random_6,random,6.120172029909554,11,6,False,XXIXIIIIYIIIII;XXIIIIXIIIIIIY;XXIIXIIIIIIYII;IXIIIYIIIIIIII;XXIIIIIIIXYIII;XXIIIIIIIXIIYI,
s4,sno_14q,14,-288.109121037883,numpy,matgenq_subspace,pool14q_random_7,random,5.955617128961421,12,6,False,XIIIIIIIIIIIYI;XXIIIIIXYIIIII;XIIIIIIIYIIIII;XXIIIIIIIIIIXY;XXIIIXYIIIIIII;XXIXIIIIYIIIII,
